1	ACCOUNTANT	4th Grade Hip Hop
2	ARTIST	2nd Grade Ballet/Jazz
3	ASTROLOGIST	Kinder Ballet/Tap
4	ASTRONAUT	Kinder/1st Jazz
5	BAKER	3 Year Old Ballet
6	BEAUTICIAN	2nd/3rd Grade Poms
7	BELLHOP	Middle School Tap
8	BROADWAY ACTOR	1st Grade Ballet/Tap
9	CONSTRUCTION WORKER	Boys Only Hip Hop
10	COUNSELOR	11th/12th Jazz/Lyrical
11	DANCER	4th/5th Grade Poms
12	FARMER	Kinder Ballet/Tap
13	FIREFIGHTER	High School Hip Hop
14	GARDENER	Pre-Pointe Ballet
15	HEART SURGEON	4th Grade Lyrical
16	JEWELER	Pointe Ballet
17	LIBRARIAN	5th Grade Lyrical
18	LIFEGUARD	4k Ballet/Tap
19	MAD SCIENTIST	7th/8th Grade Hip Hop
20	MAGICIAN	4k Ballet/Tap
21	MAID	1ST Grade Ballet/Tap
22	MAILMAN	3RD Grade Jazz
23	METEOROLOGIST	9th/10th Contemporary
24	MINER	7th/8th Grade Lyrical
25	MODEL	Kinder/1st Hip Hop
26	MOVIE PRODUCER	9th/10th Grade Jazz
27	MOVIE STAR	6th Grade Hip Hop
28	NURSE	11th/12th Jazz/Lyrical
29	OPTOMETRIST	2nd Grade Ballet/Jazz
30	POLICE OFFICER	7th/8th Grade Lyrical
31	RACE CAR DRIVER	8th Grade Jazz
32	RINGMASTER	High School Tap
33	SAILOR	6th Grade Lyrical
34	SECRET SERVICE	4th/5th Grade Jazz
35	SOLDIER	5th Grade Hip Hop
36	STORM CHASER	Adult Tap
37	TEACHER	3RD Grade Lyrical
38	TRAIN ENGINEER	2nd-4th Grade Tap
39	TRUCK DRIVER	2nd Grade Ballet/Jazz
40	WAITRESS	6th/7th Grade Jazz
41	WALL STREET	2nd/3rd Grade Hip Hop
42	ZOOKEEPER	2nd Grade Ballet/Jazz
43	DAKOTA F	Senior Solo
44	LEXI C	Senior Solo
45	MIKAYLA M	Senior Solo
46	TAYLOR E	Senior Solo
47	MADELINE O	Senior Solo
48	KRISTINA H	Senior Solo
49	CAROLINE I	Senior Solo
50	LIGHT IT UP	Phoenix Junior Hip Hop
51	Taylor E	Senior Sisters Trio
52	SUPERHERO	Pheonix Pre-Company
53	PAINT ROSE RED	Phoenix Junior Jazz
54	JAIL	Phoenix Senior Hip Hop
55	GROWN	Phoenix Senior Jazz
56	BAD GIRLS	Phoenix Senior Hip Hop
57	CONFIDENT	Phoenix Poms
58	HARRY POTTER	Phoenix Senior Tap
59	CHRISTINA	Senior Solo
60	PSYCHIATRIST	??
997	PRESHOW	UTIL
998	INTERMISSION	UTIL
999	ENDING	UTIL
